descriptor,split,negs,geom_noise,method,pr_auc,pr_ap,roc_auc
DOAP-ST+,full,inter,easy,balanced,0.986767938128282,0.986767943494649,0.982839848914992
DOAP-ST+,full,inter,easy,imbalanced,0.961360610457814,0.961360667710587,0.982770321934218
DOAP-ST+,full,intra,easy,balanced,0.977553431610246,0.977553441842043,0.97208630383288
DOAP-ST+,full,intra,easy,imbalanced,0.932238177162484,0.932238307186884,0.972030300054584
DOAP-ST+,full,inter,hard,balanced,0.975185914599715,0.975185925243187,0.969050270136858
DOAP-ST+,full,inter,hard,imbalanced,0.92690253331774,0.926902651809352,0.969132184459116
DOAP-ST+,full,intra,hard,balanced,0.959172459978926,0.959172480285647,0.951300876205771
DOAP-ST+,full,intra,hard,imbalanced,0.878132443549029,0.878132706302374,0.951467703724756
DOAP-ST+,full,inter,tough,balanced,0.947145396810391,0.947145420581118,0.935161779862032
DOAP-ST+,full,inter,tough,imbalanced,0.852152233110618,0.852152481741823,0.935281737809931
DOAP-ST+,full,intra,tough,balanced,0.920957992557608,0.920958033719938,0.906169512097984
DOAP-ST+,full,intra,tough,imbalanced,0.781845500924189,0.781845984083235,0.906349224880117
