descriptor,split,negs,geom_noise,method,pr_auc,pr_ap,roc_auc
DOAP+,full,inter,easy,balanced,0.986619979716189,0.986619985161022,0.982683655046088
DOAP+,full,inter,easy,imbalanced,0.960613184100009,0.960613243050502,0.98253581002861
DOAP+,full,intra,easy,balanced,0.977179317998343,0.977179328892837,0.972039198629249
DOAP+,full,intra,easy,imbalanced,0.929739780282008,0.929739927080129,0.971870359494019
DOAP+,full,inter,hard,balanced,0.973848304567272,0.973848315851378,0.967524837377101
DOAP+,full,inter,hard,imbalanced,0.922777377459203,0.922777503963652,0.967573749144616
DOAP+,full,intra,hard,balanced,0.957090678844674,0.957090701566219,0.949633410692944
DOAP+,full,intra,hard,imbalanced,0.870414523549542,0.870414834638797,0.949766850229633
DOAP+,full,inter,tough,balanced,0.943632546799877,0.943632572309497,0.93089205823101
DOAP+,full,inter,tough,imbalanced,0.842734765069525,0.84273503209322,0.930719621789645
DOAP+,full,intra,tough,balanced,0.916824353190945,0.916824398288425,0.902239850040072
DOAP+,full,intra,tough,imbalanced,0.769340496224853,0.769341043257987,0.902078174779739
